{
    "craft64.sfx.mariohello": {
        "category" : "master",
        "sounds" : [
            {
                 "name" : "yoshiplex/mariohello",
                 "stream" : true
            }
        ]
    },
    "craft64.sfx.harder": {
        "category" : "master",
        "sounds" : [
            {
                 "name" : "yoshiplex/harder",
                 "stream" : true
            }
        ]
    },
    "craft64.sfx.rob": {
        "category" : "master",
        "sounds" : [
            {
                 "name" : "yoshiplex/rob",
                 "stream" : true
            }
        ]
    },
    "craft64.sfx.toad": {
        "category" : "master",
        "sounds" : [
            {
                 "name" : "yoshiplex/toad",
                 "stream" : true
            }
        ]
    },
    "c64.yoface": {
        "category" : "master",
        "sounds" : [
            {
                 "name" : "yoshiplex/yoface",
                 "stream" : true
            }
        ]
    },
    "yp.yahoo": {
        "category" : "master",
        "sounds" : [
            {
                 "name" : "yoshiplex/yahoo",
                 "stream" : true
            }
        ]
    },
    "yp.stillkick": {
        "category" : "master",
        "sounds" : [
            {
                 "name" : "yoshiplex/stillkick",
                 "stream" : true
            }
        ]
    },
    "yp.upandback": {
        "category" : "master",
        "sounds" : [
            {
                 "name" : "yoshiplex/upandback",
                 "stream" : true
            }
        ]
    },
    "yp.cannon": {
        "category" : "master",
        "sounds" : [
            {
                 "name" : "yoshiplex/cannon",
                 "stream" : true
            }
        ]
    },
	"c64.castlemusic": {
        "category" : "master",
        "sounds" : [
            {
                 "name" : "yoshiplex/castlemusic",
                 "stream" : true
            }
        ]
    }
}