{
    "mariokart.music": {
        "category" : "master",
        "sounds" : [
            {
                 "name" : "mariokart/music",
                 "stream" : true
            }
        ]
    },
    "yp.mk.10": {
        "category" : "master",
        "sounds" : [
            {
                 "name" : "yp/mk/10",
                 "stream" : false
            }
        ]
    },
    "yp.mk.3": {
        "category" : "master",
        "sounds" : [
            {
                 "name" : "yp/mk/3",
                 "stream" : false
            }
        ]
    },

    "yp.mk.itemboxhit": {
        "category" : "master",
        "sounds" : [
            {
                 "name" : "yp/mk/itemboxhit",
                 "stream" : false
            }
        ]
    },
    "yp.mk.itemget": {
        "category" : "master",
        "sounds" : [
            {
                 "name" : "yp/mk/itemget",
                 "stream" : false
            }
        ]
    },
    "yp.mk.itemincoming": {
        "category" : "master",
        "sounds" : [
            {
                 "name" : "yp/mk/itemincoming",
                 "stream" : false
            }
        ]
    },
    "yp.mk.trick": {
        "category" : "master",
        "sounds" : [
            {
                 "name" : "yp/mk/trick",
                 "stream" : false
            }
        ]
    },
    "yp.mk.characters.luigi.trick": {
        "category" : "master",
        "sounds" : [
            {
                 "name" : "yp/mk/characters/luigi/trick",
                 "stream" : false
            }
        ]
    },
    "yp.mk.characters.mario.trick": {
        "category" : "master",
        "sounds" : [
            {
                 "name" : "yp/mk/characters/mario/trick",
                 "stream" : false
            }
        ]
    },
    "yp.mk.characters.yoshi.trick": {
        "category" : "master",
        "sounds" : [
            {
                 "name" : "yp/mk/characters/yoshi/trick",
                 "stream" : false
            }
        ]
    }, 
    "yp.mk.characters.luigi.itemthrow": {
        "category" : "master",
        "sounds" : [
            {
                 "name" : "yp/mk/characters/luigi/itemthrow",
                 "stream" : false
            }
        ]
    },
    "yp.mk.characters.mario.itemthrow": {
        "category" : "master",
        "sounds" : [
            {
                 "name" : "yp/mk/characters/mario/itemthrow",
                 "stream" : false
            }
        ]
    },
    "yp.mk.characters.yoshi.itemthrow": {
        "category" : "master",
        "sounds" : [
            {
                 "name" : "yp/mk/characters/yoshi/itemthrow",
                 "stream" : false
            }
        ]
    },
    "yp.mk.characters.luigi.hitgotten": {
        "category" : "master",
        "sounds" : [
            {
                 "name" : "yp/mk/characters/luigi/hitgotten",
                 "stream" : false
            }
        ]
    },
    "yp.mk.characters.mario.hitgotten": {
        "category" : "master",
        "sounds" : [
            {
                 "name" : "yp/mk/characters/mario/hitgotten",
                 "stream" : false
            }
        ]
    },
    "yp.mk.characters.yoshi.hitgotten": {
        "category" : "master",
        "sounds" : [
            {
                 "name" : "yp/mk/characters/yoshi/hitgotten",
                 "stream" : false
            }
        ]
    },
    "yp.mk.characters.luigi.hitby": {
        "category" : "master",
        "sounds" : [
            {
                 "name" : "yp/mk/characters/luigi/hitby",
                 "stream" : false
            }
        ]
    },
    "yp.mk.characters.mario.hitby": {
        "category" : "master",
        "sounds" : [
            {
                 "name" : "yp/mk/characters/mario/hitby",
                 "stream" : false
            }
        ]
    },
    "yp.mk.characters.yoshi.hitby": {
        "category" : "master",
        "sounds" : [
            {
                 "name" : "yp/mk/characters/yoshi/hitby",
                 "stream" : false
            }
        ]
    },
    "yp.mk.characters.luigi.death": {
        "category" : "master",
        "sounds" : [
            {
                 "name" : "yp/mk/characters/luigi/death",
                 "stream" : false
            }
        ]
    },
    "yp.mk.characters.mario.death": {
        "category" : "master",
        "sounds" : [
            {
                 "name" : "yp/mk/characters/mario/death",
                 "stream" : false
            }
        ]
    },
    "yp.mk.characters.yoshi.death": {
        "category" : "master",
        "sounds" : [
            {
                 "name" : "yp/mk/characters/yoshi/death",
                 "stream" : false
            }
        ]
    }
}